{
  "timestamp_utc": "2025-11-19T15:52:42Z",
  "models": [
    "lstm",
    "tf",
    "xgb"
  ],
  "metrics": {
    "precision": 0.225,
    "recall": 0.6,
    "f1": 0.32727272727272727,
    "auroc": 0.8854014598540146,
    "auprc": 0.29673776938026447,
    "logloss": 0.5472265343626702
  },
  "metrics_prk": {
    "precision_at_0p1": 1.0,
    "recall_at_0p1": 0.06666666666666667,
    "precision_at_0p5": 1.0,
    "recall_at_0p5": 0.06666666666666667,
    "precision_at_1p0": 0.3333333333333333,
    "recall_at_1p0": 0.06666666666666667
  },
  "metrics_lowvol": {},
  "metrics_prk_lowvol": {},
  "best_threshold_precision": 0.8775423728813558,
  "precision_at_best_t": 0.4444444444444444,
  "coverage_at_best_t": 0.031141868512110725,
  "double_t_low": 0.5,
  "double_t_high": 0.995,
  "precision_high": 0.0,
  "precision_low": 0.225,
  "coverage_high": 0.0,
  "coverage_low": 0.1384083044982699,
  "split": {
    "n_total": 1442,
    "n_pre_holdout": 1153,
    "n_holdout": 289
  },
  "oof_folds": 0,
  "quick_refit": false,
  "effective_days": 45,
  "label_schema": {
    "version": "bottom_v1",
    "past_window": 15,
    "future_window": 60,
    "min_gap": 20,
    "tolerance_pct": 0.004
  },
  "prob_dist": {
    "n": 289,
    "mean": 0.40256481460510696,
    "std": 0.14500069203309993,
    "min": 0.32376587366927273,
    "max": 0.9365731754313505,
    "quantiles": {
      "q01": 0.3240238400072259,
      "q05": 0.32558652387177495,
      "q10": 0.32702850367434927,
      "q25": 0.330484492029719,
      "q50": 0.3383491843894971,
      "q75": 0.39584214592576494,
      "q90": 0.5879840656238902,
      "q95": 0.8180653314609617,
      "q99": 0.9234289793749563
    },
    "sample": [
      0.34411761153360365,
      0.3363564932523012,
      0.3340278056864748,
      0.3344556583240467,
      0.3297153232340156,
      0.3359613234155966,
      0.34948006826400535,
      0.32961575158606926,
      0.3326693095971568,
      0.33532642421974246,
      0.3467322134745263,
      0.34841335810688384,
      0.33839299043899485,
      0.3317425889440354,
      0.3399198866866477,
      0.3519799997922878,
      0.34134149444534656,
      0.5076560013169568,
      0.6305283976474576,
      0.9138121772429109,
      0.47050487921572176,
      0.8485713064741466,
      0.9350472263750191,
      0.39121440363687104,
      0.6443987030551128,
      0.35240717962057544,
      0.3558045800796441,
      0.3596208280286246,
      0.3318872949446413,
      0.35619738980358684,
      0.39392925183493155,
      0.41500940861940167,
      0.5015693174332,
      0.5280233611887808,
      0.3280015730606703,
      0.34286492615709396,
      0.3238452457574799,
      0.3238894449336473,
      0.32567226450143805,
      0.3240421666081684,
      0.3260977876781992,
      0.32492554268410245,
      0.33325151567861083,
      0.3312163928473702,
      0.340226186876664,
      0.4064870595571348,
      0.34197911412563176,
      0.39610618035920275,
      0.41124658960667665,
      0.5361834164643522,
      0.3369609020810038,
      0.3262144045009604,
      0.3326771983310228,
      0.3475042044642536,
      0.3464234991243818,
      0.3542106518053559,
      0.3514184192318366,
      0.4193038514158711,
      0.39584214592576494,
      0.33542667076876514,
      0.35373964355117243,
      0.32747350983524665,
      0.32826831877061446,
      0.37005399320755294,
      0.41831905654009094,
      0.3305681762302255,
      0.3344862698468271,
      0.33291243869144804,
      0.3334006270013798,
      0.3318679764750828,
      0.3333539103843477,
      0.32948625617400124,
      0.32753707066383353,
      0.3263792434430877,
      0.3277072061347884,
      0.32550116774376725,
      0.3249412983528902,
      0.3274215345711354,
      0.32768432564628147,
      0.330484492029719,
      0.32824450659968735,
      0.32769416600529305,
      0.3318476168453321,
      0.5280006308567263,
      0.6830968410083761,
      0.3418549634184525,
      0.424277773474921,
      0.3320854070184706,
      0.39343086973619384,
      0.4463728495159295,
      0.6312118426196951,
      0.3505387650299933,
      0.33356737728759484,
      0.3296774065359491,
      0.32692526769271535,
      0.3250397825955589,
      0.3321987018689513,
      0.3279012565545834,
      0.32457960511414674,
      0.32552936345199956,
      0.3240683272672438,
      0.32541975280769636,
      0.32705950041277926,
      0.3270289856118392,
      0.32583214942982086,
      0.3300376061840678,
      0.32660006502872935,
      0.32622263127618734,
      0.365065038457598,
      0.3326958744796965,
      0.3975634876395353,
      0.42450954137487473,
      0.4149031641259273,
      0.3672840669805689,
      0.3610639312411562,
      0.33242925503538884,
      0.3492111975926839,
      0.4209964898573413,
      0.48812142935377417,
      0.3269700461675829,
      0.4622545434027488,
      0.32774570837217915,
      0.32709588935683803,
      0.32376587366927273,
      0.32702657592438966,
      0.327655108577095,
      0.3413051256952848,
      0.3293269307442583,
      0.3270515816615102,
      0.3660677392209687,
      0.8784410987405729,
      0.33461878057159194,
      0.3354426224121683,
      0.4108241415914392,
      0.3308781694267804,
      0.4811060804535424,
      0.36668122891913313,
      0.6173255128847644,
      0.5650677805203193,
      0.3317511670370542,
      0.33411731092475383,
      0.3272985388835499,
      0.3293957584364656,
      0.3273211190672779,
      0.32847202349834415,
      0.3351381687240409,
      0.3315803440206236,
      0.3286152526565674,
      0.3314451610582519,
      0.33140552239486876,
      0.32979384766194236,
      0.33751181952260373,
      0.32569713510250364,
      0.3296847128190559,
      0.3493596162656058,
      0.33253266317604024,
      0.33105227281764643,
      0.33556543477989564,
      0.3390020897256081,
      0.4452067295654329,
      0.34082392330441535,
      0.3300781295610226,
      0.34203002480027095,
      0.34628742999174295,
      0.33065134785431216,
      0.3306447502435058,
      0.3302146442856944,
      0.33305954754015776,
      0.3488472717365978,
      0.361193220490087,
      0.3505190186461283,
      0.3532731816466944,
      0.3307299024957686,
      0.33185570819628785,
      0.3364010385421681,
      0.33347069975386634,
      0.3250383240354734,
      0.3246491208435205,
      0.3269506936900902,
      0.3543377287898706,
      0.39053952477852605,
      0.3284638684343705,
      0.3662592871576354,
      0.7745685944483353,
      0.9222045586399086,
      0.4445411629400171,
      0.34851567387070637,
      0.33586442448629333,
      0.33748225037252577,
      0.32988845254424265,
      0.331328289655201,
      0.33251379558413424,
      0.34620400433335535,
      0.7142215346686773,
      0.3383491843894971,
      0.33971688106300235,
      0.3561381409694235,
      0.3289118260958746,
      0.358450703875313,
      0.3298887221491265
    ]
  }
}