{
  "timestamp_utc": "2025-11-15T01:26:39Z",
  "models": [
    "lstm",
    "tf",
    "xgb"
  ],
  "metrics": {
    "precision": 0.4224965706447188,
    "recall": 0.9404580152671755,
    "f1": 0.5830572645527686,
    "auroc": 0.9544682895267642,
    "auprc": 0.5747958135316367,
    "logloss": 0.2745990329367446
  },
  "metrics_prk": {
    "precision_at_0p1": 0.625,
    "recall_at_0p1": 0.007633587786259542,
    "precision_at_0p5": 0.6666666666666666,
    "recall_at_0p5": 0.042748091603053436,
    "precision_at_1p0": 0.7058823529411765,
    "recall_at_1p0": 0.0916030534351145
  },
  "metrics_lowvol": {},
  "metrics_prk_lowvol": {},
  "best_threshold_precision": 0.936271186440678,
  "precision_at_best_t": 0.6569767441860465,
  "coverage_at_best_t": 0.020261514901637412,
  "double_t_low": 0.5,
  "double_t_high": 0.995,
  "precision_high": 0.0,
  "precision_low": 0.4224965706447188,
  "coverage_high": 0.0,
  "coverage_low": 0.1717516786429497,
  "split": {
    "n_total": 42443,
    "n_pre_holdout": 33954,
    "n_holdout": 8489
  },
  "oof_folds": 0,
  "quick_refit": true,
  "effective_days": 30,
  "label_schema": {
    "version": "bottom_v1",
    "past_window": 15,
    "future_window": 60,
    "min_gap": 20,
    "tolerance_pct": 0.004
  },
  "prob_dist": {
    "n": 8489,
    "mean": 0.19491794590117642,
    "std": 0.31577010584250403,
    "min": 0.043611643986030596,
    "max": 0.9471254832162996,
    "quantiles": {
      "q01": 0.043778523658244355,
      "q05": 0.04377853216055505,
      "q10": 0.04377934344283388,
      "q25": 0.04404314250884954,
      "q50": 0.04475256043645214,
      "q75": 0.05088515157696261,
      "q90": 0.9082704680402938,
      "q95": 0.9291079402771298,
      "q99": 0.9386375948553275
    },
    "sample": [
      0.04400751438522997,
      0.04390821209659748,
      0.044122017834946244,
      0.043844289039029725,
      0.04377853216055505,
      0.04383012230404306,
      0.04377853138761766,
      0.04493456355676491,
      0.04377853216055505,
      0.04377853138761766,
      0.04377853061468028,
      0.04419117715164685,
      0.0442878716039558,
      0.04436843867772406,
      0.04447699618842495,
      0.9319735470816239,
      0.04524001089719439,
      0.04504450134053726,
      0.7957494999574933,
      0.04541973225818551,
      0.9079823229002245,
      0.8755453948197817,
      0.044309493960485266,
      0.08143081594605431,
      0.04542388128167479,
      0.9254850923543295,
      0.04508188624253932,
      0.048255284380294354,
      0.04881937777864249,
      0.04515068092235186,
      0.04591524177080611,
      0.0442878716039558,
      0.0442403166417282,
      0.04383012385165609,
      0.04377853447936736,
      0.045154886369460495,
      0.8781818181671588,
      0.04428612315243307,
      0.04377853293349247,
      0.044210000949902,
      0.04383012385165609,
      0.047473462847074224,
      0.04383012230404306,
      0.04458287045987047,
      0.04383012385165609,
      0.04383012230404306,
      0.04377853138761766,
      0.04390821248415842,
      0.18800700214168553,
      0.044303719382610296,
      0.043844290587120076,
      0.044324884933514705,
      0.045681695053855734,
      0.9240295474195505,
      0.04383012230404306,
      0.043844288264984585,
      0.044649105610419536,
      0.9298174073003617,
      0.04369712319072612,
      0.0447792851089486,
      0.045526633475695945,
      0.0443037178190497,
      0.9375200045994064,
      0.04464537586203436,
      0.047462540321313,
      0.04422664772972372,
      0.9083545276587364,
      0.04515849150603445,
      0.8770521944540214,
      0.9233594629482852,
      0.04389960946833706,
      0.04434815337094293,
      0.04383012230404306,
      0.04377853216055505,
      0.04443216121733076,
      0.04368600758753392,
      0.04433167822925864,
      0.04391319106174736,
      0.045096214183119425,
      0.04431847714677931,
      0.04377853216055505,
      0.04698338480982388,
      0.04491914165364533,
      0.04377853061468028,
      0.9372816131235314,
      0.04377853022821157,
      0.6745180814404977,
      0.43654313723798654,
      0.045252536819927074,
      0.055095015831115916,
      0.04436843867772406,
      0.04584660876998379,
      0.07053332268872028,
      0.04538974793754129,
      0.049323554340443075,
      0.9248823623230227,
      0.8658868458817534,
      0.04458230176800984,
      0.06061772416906209,
      0.9196775757752452,
      0.9245579503390571,
      0.04378265456951681,
      0.937026658079031,
      0.04418199304963711,
      0.04378265456951681,
      0.04582704923254265,
      0.0442878716039558,
      0.32920426099737277,
      0.7473511417477574,
      0.044281110946050625,
      0.04383448161258381,
      0.04555954681059554,
      0.043778598246751045,
      0.04490872734910197,
      0.04618211616123657,
      0.9009845244179593,
      0.043831449401383824,
      0.9249992080651575,
      0.9444545429598168,
      0.04828083815035281,
      0.8704933035829119,
      0.8660140778849822,
      0.913649079601887,
      0.8432987670025476,
      0.9217367222509736,
      0.04445451437610967,
      0.04401463621459181,
      0.8802409704789299,
      0.047489355591304745,
      0.043778947616293,
      0.043777353337434245,
      0.04389971137792062,
      0.04435545323756559,
      0.050454962021346854,
      0.04923022354740553,
      0.9129715090737337,
      0.04477911006885802,
      0.9364793150998287,
      0.04426229737907211,
      0.3600217849859788,
      0.04438716759334016,
      0.7676387621741155,
      0.9001854572112141,
      0.0438302770656065,
      0.043778652352479464,
      0.04384569782280545,
      0.04598996077051266,
      0.04377895109454298,
      0.07473245335202063,
      0.06226621713881128,
      0.048249842424152374,
      0.0484576146231859,
      0.05194899690325439,
      0.05482982755853443,
      0.05092494696499628,
      0.9062713847488538,
      0.0505334915240322,
      0.046008013534799344,
      0.05043975858860433,
      0.04760183918375162,
      0.04383070188877819,
      0.04453709137569143,
      0.04512207568528969,
      0.04461981561101016,
      0.045004430330839444,
      0.9342984639676927,
      0.04412923359374114,
      0.05197208682030091,
      0.04368941911241647,
      0.043778540662867335,
      0.598709351463221,
      0.9301251176362207,
      0.043871372800911336,
      0.046145346811572785,
      0.04756385570353503,
      0.046525915021348514,
      0.9188269786101839,
      0.04545083692328279,
      0.04383014087540314,
      0.04493183849798818,
      0.044278810237378646,
      0.044187440610477705,
      0.04426227589928838,
      0.04488955903319779,
      0.9365154454957276,
      0.04389961799308446,
      0.0444093885227751,
      0.04377853138761766,
      0.06110918157127738,
      0.9029117773307405,
      0.04383020664903048,
      0.044187452307829056,
      0.044806854225131934,
      0.920097613954035,
      0.04426236064685651,
      0.04381460540496869,
      0.8506277730702788,
      0.04425685236868643,
      0.04430547443540116,
      0.04399014572266398
    ]
  }
}