{
  "timestamp_utc": "2025-11-14T03:13:34Z",
  "models": [
    "lstm",
    "xgb"
  ],
  "metrics": {
    "precision": 0.0,
    "recall": 0.0,
    "f1": 0.0,
    "auroc": 0.6223350253807107,
    "auprc": 0.024545220797348184,
    "logloss": 0.5628894319430194
  },
  "metrics_prk": {
    "precision_at_0p1": 0.0,
    "recall_at_0p1": 0.0,
    "precision_at_0p5": 0.0,
    "recall_at_0p5": 0.0,
    "precision_at_1p0": 0.0,
    "recall_at_1p0": 0.0
  },
  "metrics_lowvol": {},
  "metrics_prk_lowvol": {},
  "best_threshold_precision": 0.5,
  "precision_at_best_t": 0.0,
  "coverage_at_best_t": 0.0,
  "double_t_low": 0.5,
  "double_t_high": 0.995,
  "precision_high": 0.0,
  "precision_low": 0.0,
  "coverage_high": 0.0,
  "coverage_low": 0.03508771929824561,
  "split": {
    "n_total": 1993,
    "n_pre_holdout": 1594,
    "n_holdout": 399
  },
  "oof_folds": 0,
  "quick_refit": false,
  "effective_days": 5,
  "label_schema": {
    "version": "bottom_v1",
    "past_window": 15,
    "future_window": 60,
    "min_gap": 20,
    "tolerance_pct": 0.004
  },
  "prob_dist": {
    "n": 399,
    "mean": 0.4275594651699066,
    "std": 0.0373244509100914,
    "min": 0.3618758022785187,
    "max": 0.5437029600143433,
    "quantiles": {
      "q01": 0.36804595589637756,
      "q05": 0.375163197517395,
      "q10": 0.37912842631340027,
      "q25": 0.403176486492157,
      "q50": 0.4212116301059723,
      "q75": 0.45442163944244385,
      "q90": 0.4827914237976074,
      "q95": 0.4943848252296448,
      "q99": 0.52308189868927
    },
    "sample": [
      0.42372339963912964,
      0.4223274886608124,
      0.38542115688323975,
      0.41538092494010925,
      0.45730459690093994,
      0.507891833782196,
      0.37580910325050354,
      0.370679646730423,
      0.4769652783870697,
      0.4056369960308075,
      0.40174829959869385,
      0.37518879771232605,
      0.45786914229393005,
      0.42747974395751953,
      0.49280306696891785,
      0.39199477434158325,
      0.41719913482666016,
      0.41238659620285034,
      0.46523699164390564,
      0.372648686170578,
      0.4576832950115204,
      0.4098246693611145,
      0.3987347185611725,
      0.40235307812690735,
      0.4763053059577942,
      0.383571982383728,
      0.37776291370391846,
      0.3866828978061676,
      0.3780502378940582,
      0.41999244689941406,
      0.4458348751068115,
      0.4031773507595062,
      0.41076210141181946,
      0.3788876533508301,
      0.39101123809814453,
      0.4230661392211914,
      0.41292697191238403,
      0.41082215309143066,
      0.37657490372657776,
      0.375400185585022,
      0.44758400321006775,
      0.42102286219596863,
      0.4585236608982086,
      0.4909973442554474,
      0.4887274503707886,
      0.37465694546699524,
      0.37195998430252075,
      0.4172196090221405,
      0.4182768762111664,
      0.44467782974243164,
      0.45337504148483276,
      0.42175230383872986,
      0.41335147619247437,
      0.41308167576789856,
      0.412731796503067,
      0.4517775774002075,
      0.4609992504119873,
      0.454302579164505,
      0.38698846101760864,
      0.38415777683258057,
      0.4319429099559784,
      0.41970396041870117,
      0.42860275506973267,
      0.3928094804286957,
      0.378015398979187,
      0.4563215672969818,
      0.41518378257751465,
      0.38491132855415344,
      0.45492294430732727,
      0.45496901869773865,
      0.41224342584609985,
      0.4874516427516937,
      0.3743321895599365,
      0.37883490324020386,
      0.3618758022785187,
      0.4840354919433594,
      0.4811626076698303,
      0.43486079573631287,
      0.37917211651802063,
      0.4300171732902527,
      0.41255950927734375,
      0.4427421987056732,
      0.37687233090400696,
      0.4031756520271301,
      0.4173496663570404,
      0.365350604057312,
      0.4139260947704315,
      0.4469694495201111,
      0.37956905364990234,
      0.4560045301914215,
      0.42430639266967773,
      0.4230479300022125,
      0.4227498173713684,
      0.4204578399658203,
      0.3899054229259491,
      0.46688205003738403,
      0.38142284750938416,
      0.42061519622802734,
      0.49469223618507385,
      0.40980589389801025,
      0.38547059893608093,
      0.5040034055709839,
      0.4212116301059723,
      0.4563208222389221,
      0.44154882431030273,
      0.4053567349910736,
      0.3789536952972412,
      0.40449362993240356,
      0.44294166564941406,
      0.4173203408718109,
      0.4144279360771179,
      0.45981019735336304,
      0.4253636300563812,
      0.500308096408844,
      0.4084073305130005,
      0.37489748001098633,
      0.41114646196365356,
      0.4236835837364197,
      0.5336893200874329,
      0.45214682817459106,
      0.4943506717681885,
      0.4923749566078186,
      0.4451923370361328,
      0.46994251012802124,
      0.4581369161605835,
      0.48806822299957275,
      0.41063404083251953,
      0.43404293060302734,
      0.4583055377006531,
      0.4600743353366852,
      0.3786531686782837,
      0.4920656383037567,
      0.46108946204185486,
      0.39412087202072144,
      0.38259604573249817,
      0.4530104398727417,
      0.38521772623062134,
      0.43726322054862976,
      0.46529489755630493,
      0.41237881779670715,
      0.4637189507484436,
      0.45972612500190735,
      0.38382863998413086,
      0.4500614106655121,
      0.3818421959877014,
      0.4162602424621582,
      0.42429623007774353,
      0.49069657921791077,
      0.4971756339073181,
      0.45694464445114136,
      0.4125337302684784,
      0.36195647716522217,
      0.4373754858970642,
      0.41181647777557373,
      0.41063228249549866,
      0.40871527791023254,
      0.5229482650756836,
      0.46271654963493347,
      0.4578324854373932,
      0.42586177587509155,
      0.45558908581733704,
      0.4176139533519745,
      0.41924065351486206,
      0.4838213622570038,
      0.44673600792884827,
      0.45238569378852844,
      0.38570475578308105,
      0.4138997495174408,
      0.37979161739349365,
      0.41859230399131775,
      0.42294058203697205,
      0.425088495016098,
      0.4700367748737335,
      0.3914344608783722,
      0.37777021527290344,
      0.42524614930152893,
      0.4160345196723938,
      0.42382586002349854,
      0.41809290647506714,
      0.4098723530769348,
      0.45361676812171936,
      0.38890624046325684,
      0.4630049169063568,
      0.45842763781547546,
      0.49212145805358887,
      0.38592562079429626,
      0.4821407198905945,
      0.4493291676044464,
      0.4134673476219177,
      0.4163227081298828,
      0.4319726526737213,
      0.4094502627849579,
      0.40773969888687134,
      0.3888658881187439,
      0.3767823874950409,
      0.44697049260139465,
      0.49726027250289917,
      0.4498576521873474,
      0.4095129072666168,
      0.4081695079803467
    ]
  }
}