{
  "timestamp_utc": "2025-11-15T01:27:56Z",
  "models": [
    "lstm",
    "tf",
    "xgb"
  ],
  "metrics": {
    "precision": 0.4238456237077877,
    "recall": 0.9389312977099237,
    "f1": 0.584045584045584,
    "auroc": 0.9510033578431851,
    "auprc": 0.5639218846525144,
    "logloss": 0.25568481521698877
  },
  "metrics_prk": {
    "precision_at_0p1": 0.625,
    "recall_at_0p1": 0.007633587786259542,
    "precision_at_0p5": 0.7142857142857143,
    "recall_at_0p5": 0.04580152671755725,
    "precision_at_1p0": 0.611764705882353,
    "recall_at_1p0": 0.07938931297709924
  },
  "metrics_lowvol": {},
  "metrics_prk_lowvol": {},
  "best_threshold_precision": 0.7600847457627118,
  "precision_at_best_t": 0.6557377049180327,
  "coverage_at_best_t": 0.007185769819766757,
  "double_t_low": 0.5,
  "double_t_high": 0.995,
  "precision_high": 0.0,
  "precision_low": 0.4238456237077877,
  "coverage_high": 0.0,
  "coverage_low": 0.17092708210625515,
  "split": {
    "n_total": 42442,
    "n_pre_holdout": 33953,
    "n_holdout": 8489
  },
  "oof_folds": 0,
  "quick_refit": true,
  "effective_days": 30,
  "label_schema": {
    "version": "bottom_v1",
    "past_window": 15,
    "future_window": 60,
    "min_gap": 20,
    "tolerance_pct": 0.004
  },
  "prob_dist": {
    "n": 8489,
    "mean": 0.22158101201057434,
    "std": 0.21966026723384857,
    "min": 0.08201458305120468,
    "max": 0.7760304808616638,
    "quantiles": {
      "q01": 0.08488010615110397,
      "q05": 0.08767640590667725,
      "q10": 0.08875074982643127,
      "q25": 0.0948650985956192,
      "q50": 0.10788357257843018,
      "q75": 0.1828906089067459,
      "q90": 0.6837708353996277,
      "q95": 0.724675178527832,
      "q99": 0.7560414671897888
    },
    "sample": [
      0.09887345880270004,
      0.09353193640708923,
      0.11115241795778275,
      0.09090562164783478,
      0.08933370560407639,
      0.09338691830635071,
      0.09230978041887283,
      0.11556591093540192,
      0.0922079086303711,
      0.08933370560407639,
      0.09227360785007477,
      0.10436622053384781,
      0.0968223437666893,
      0.09352117776870728,
      0.0957481637597084,
      0.7301321625709534,
      0.11143190413713455,
      0.11515839397907257,
      0.6067092418670654,
      0.11752700060606003,
      0.6847789287567139,
      0.6404061913490295,
      0.10293381661176682,
      0.28383520245552063,
      0.10577740520238876,
      0.7100805044174194,
      0.1151820570230484,
      0.14184145629405975,
      0.17880520224571228,
      0.11379516124725342,
      0.1316652148962021,
      0.10026829689741135,
      0.11883354187011719,
      0.09226200729608536,
      0.09226199239492416,
      0.1300419420003891,
      0.652777373790741,
      0.10207387059926987,
      0.08933370560407639,
      0.09926403313875198,
      0.09250108152627945,
      0.15060502290725708,
      0.08488011360168457,
      0.11220308393239975,
      0.087676502764225,
      0.08875095099210739,
      0.087676502764225,
      0.09067889302968979,
      0.41500046849250793,
      0.09946534782648087,
      0.09469735622406006,
      0.11520501226186752,
      0.12262500822544098,
      0.7122328877449036,
      0.087676502764225,
      0.09063940495252609,
      0.10815268754959106,
      0.7194353938102722,
      0.09141162782907486,
      0.10026782751083374,
      0.13046300411224365,
      0.10468319803476334,
      0.7422909736633301,
      0.10081963986158371,
      0.1428440660238266,
      0.10479050129652023,
      0.639676570892334,
      0.11663489043712616,
      0.6555647850036621,
      0.7079125642776489,
      0.0940561443567276,
      0.10486409068107605,
      0.087676502764225,
      0.087676502764225,
      0.10799270123243332,
      0.09190471470355988,
      0.10111817717552185,
      0.08960337191820145,
      0.12539856135845184,
      0.09922043234109879,
      0.087676502764225,
      0.14428573846817017,
      0.1140652447938919,
      0.08875095099210739,
      0.7413442730903625,
      0.08875095099210739,
      0.490220844745636,
      0.4906426668167114,
      0.13557834923267365,
      0.22134283185005188,
      0.09657220542430878,
      0.1243266835808754,
      0.29150906205177307,
      0.12058274447917938,
      0.1924571692943573,
      0.7155259251594543,
      0.6363057494163513,
      0.09864003956317902,
      0.23923683166503906,
      0.707478940486908,
      0.7085321545600891,
      0.09566043317317963,
      0.7489257454872131,
      0.09917997568845749,
      0.09566043317317963,
      0.1302718073129654,
      0.0977223813533783,
      0.492647647857666,
      0.5465636849403381,
      0.10839526355266571,
      0.0968223437666893,
      0.1270812302827835,
      0.0906137228012085,
      0.10731976479291916,
      0.12588326632976532,
      0.7025349736213684,
      0.0876689925789833,
      0.7184184789657593,
      0.7282276153564453,
      0.1091504693031311,
      0.6343666315078735,
      0.6584897041320801,
      0.6809365153312683,
      0.6370736956596375,
      0.679053783416748,
      0.09516621381044388,
      0.10235151648521423,
      0.6913707256317139,
      0.16174156963825226,
      0.08487779647111893,
      0.08623560518026352,
      0.09694573283195496,
      0.09826461225748062,
      0.1555788666009903,
      0.08750472962856293,
      0.6733408570289612,
      0.13896529376506805,
      0.7622747421264648,
      0.10573713481426239,
      0.4681318402290344,
      0.10115175694227219,
      0.5553374290466309,
      0.6942959427833557,
      0.08767560869455338,
      0.0876758024096489,
      0.09252974390983582,
      0.13227300345897675,
      0.08951692283153534,
      0.28923603892326355,
      0.22850005328655243,
      0.10286135226488113,
      0.09018732607364655,
      0.14636662602424622,
      0.1404246836900711,
      0.12400461733341217,
      0.6860135197639465,
      0.1170487031340599,
      0.11161302030086517,
      0.11127088963985443,
      0.11193868517875671,
      0.0876731276512146,
      0.10030803829431534,
      0.11849277466535568,
      0.1069553792476654,
      0.11148422211408615,
      0.7622715830802917,
      0.09301680326461792,
      0.19646762311458588,
      0.10017161816358566,
      0.08814068883657455,
      0.540088415145874,
      0.722873866558075,
      0.10356350243091583,
      0.1391506940126419,
      0.14410781860351562,
      0.1633981466293335,
      0.7469180822372437,
      0.13387128710746765,
      0.08767640590667725,
      0.11870622634887695,
      0.11812159419059753,
      0.10573733597993851,
      0.102554552257061,
      0.10747145861387253,
      0.7484756112098694,
      0.09405608475208282,
      0.11322462558746338,
      0.08875095099210739,
      0.23340024054050446,
      0.7116996645927429,
      0.09114944189786911,
      0.10573724657297134,
      0.11440910398960114,
      0.7244923114776611,
      0.10047227889299393,
      0.09174659103155136,
      0.6755022406578064,
      0.10235251486301422,
      0.10573694854974747,
      0.09053974598646164
    ]
  }
}