{
  "timestamp_utc": "2025-11-12T01:17:51Z",
  "models": [
    "lstm",
    "tf",
    "xgb"
  ],
  "metrics": {
    "precision": 0.28824114291695013,
    "recall": 0.9652996845425867,
    "f1": 0.44392504533548255,
    "auroc": 0.9544781097751107,
    "auprc": 0.45424464368884887,
    "logloss": 0.2816193410638863
  },
  "metrics_prk": {
    "precision_at_0p1": 0.6388888888888888,
    "recall_at_0p1": 0.012092534174553101,
    "precision_at_0p5": 0.6159554730983302,
    "recall_at_0p5": 0.05818436733263232,
    "precision_at_1p0": 0.5899814471243042,
    "recall_at_1p0": 0.11146161934805468
  },
  "metrics_lowvol": {},
  "metrics_prk_lowvol": {},
  "best_threshold_precision": 0.936271186440678,
  "precision_at_best_t": 0.568075117370892,
  "coverage_at_best_t": 0.015812183918712013,
  "double_t_low": 0.5,
  "double_t_high": 0.995,
  "precision_high": 0.0,
  "precision_low": 0.28824114291695013,
  "coverage_high": 0.0,
  "coverage_low": 0.17732102259546234,
  "folds": 5,
  "oof_count": 107765
}