{
  "timestamp_utc": "2025-11-12T01:25:58Z",
  "models": [
    "lstm",
    "tf",
    "xgb"
  ],
  "metrics": {
    "precision": 0.3519035532994924,
    "recall": 0.9721297107800175,
    "f1": 0.5167481947356162,
    "auroc": 0.963151982330986,
    "auprc": 0.5007440415355647,
    "logloss": 0.24437366622190054
  },
  "metrics_prk": {
    "precision_at_0p1": 0.6481481481481481,
    "recall_at_0p1": 0.012269938650306749,
    "precision_at_0p5": 0.6122448979591837,
    "recall_at_0p5": 0.057843996494303246,
    "precision_at_1p0": 0.6285979572887651,
    "recall_at_1p0": 0.11866783523225241
  },
  "metrics_lowvol": {},
  "metrics_prk_lowvol": {},
  "best_threshold_precision": 0.9446610169491525,
  "precision_at_best_t": 0.6342182890855457,
  "coverage_at_best_t": 0.015733048684271594,
  "double_t_low": 0.5,
  "double_t_high": 0.995,
  "precision_high": 0.0,
  "precision_low": 0.3519035532994924,
  "coverage_high": 0.0,
  "coverage_low": 0.14628486564254883,
  "folds": 5,
  "oof_count": 107735
}