{
  "timestamp_utc": "2025-11-10T14:38:36Z",
  "models": [
    "lstm",
    "tf",
    "xgb"
  ],
  "metrics": {
    "precision": 0.02197802197802198,
    "recall": 0.6666666666666666,
    "f1": 0.0425531914893617,
    "auroc": 0.5605285592497868,
    "auprc": 0.03718047743267846,
    "logloss": 0.6888387313603125
  },
  "best_threshold_precision": 0.5251694915254237,
  "precision_at_best_t": 0.05263157894736842,
  "coverage_at_best_t": 0.04785894206549118,
  "split": {
    "n_total": 1985,
    "n_train": 1588,
    "n_val": 397
  }
}